id,oid,title,description,is_published,create_date,image
1,skogsvardsstyrelsen,skogsvårdsstyrelsen,"",f,2017-01-17 02:50:16.851667+00,photos/skogsvardsstyrelsen/17-Jan/skogsvårdsstyrels-998.jpg
2,Putte-Wickman,Putte Wickman,"",t,2017-01-17 02:50:16.867886+00,photos/Putte-Wickman/17-Jan/foto.jpg
3,Hjalmar-Branting,Hjalmar Branting,"",t,2017-01-17 02:50:16.87665+00,photos/Hjalmar-Branting/17-Jan/foto.jpg
4,Kung-Fu,Kung Fu,"",t,2017-01-17 02:50:16.885168+00,photos/Kung-Fu/17-Jan/foto.jpg
5,018,Alf Svensson,"",t,2017-01-17 02:50:16.893413+00,photos/018/17-Jan/foto.jpg
6,Familjen-Bengtsson,Familj,"",t,2017-01-17 02:50:16.90447+00,photos/Familjen-Bengtsson/17-Jan/foto.jpg
7,012,Amalia Eriksson,"",t,2017-01-17 02:50:16.915542+00,photos/012/17-Jan/foto.jpg
8,Monica-Zetterlund,Monica Zetterlund,"",t,2017-01-17 02:50:16.92589+00,photos/Monica-Zetterlund/17-Jan/foto.jpg
9,Lisbeth,Lisbeth,"",t,2017-01-17 02:50:16.936796+00,photos/Lisbeth/17-Jan/foto.jpg
10,021,Tomtar,"",t,2017-01-17 02:50:16.945348+00,photos/021/17-Jan/foto.jpg
11,Naken-kvinna,Kvinna,"",t,2017-01-17 02:50:16.954198+00,photos/Naken-kvinna/17-Jan/foto.jpg
12,019,Alf Fransson,"",t,2017-01-17 02:50:16.963018+00,photos/019/17-Jan/foto.jpg
13,Sten_Broman,Sten Broman,"",t,2017-01-17 02:50:16.980978+00,photos/Sten_Broman/17-Jan/Sten_Broman-1.JPG
14,010,"","",t,2017-01-17 02:50:16.998722+00,photos/010/17-Jan/foto.jpg
15,Faglar,Fåglar,"",t,2017-01-17 02:50:17.006726+00,photos/Faglar/17-Jan/foto.jpg
16,Ernst-Kirchsteiger,Ernst Kirchsteiger,"",t,2017-01-17 02:50:17.018715+00,photos/Ernst-Kirchsteiger/17-Jan/foto.jpg
17,kungaparet,Kungaparet,Kungaparet,f,2017-01-17 02:50:17.028482+00,photos/kungaparet/17-Jan/Kungaparet.JPG
18,Hast,Häst,"",t,2017-01-17 02:50:17.048541+00,photos/Hast/17-Jan/foto.jpg
19,008,Valborg Jakobina Frank,"",t,2017-01-17 02:50:17.059593+00,photos/008/17-Jan/foto.jpg
20,Smen,Smen,"",t,2017-01-17 02:50:17.067604+00,photos/Smen/17-Jan/foto.jpg
21,Lisa,Lisa,"",t,2017-01-17 02:50:17.077183+00,photos/Lisa/17-Jan/foto.jpg
22,Evert-Taube,Evert Taube,"",t,2017-01-17 02:50:17.0917+00,photos/Evert-Taube/17-Jan/foto.jpg
23,016,Golfare,"",t,2017-01-17 02:50:17.099333+00,photos/016/17-Jan/foto.jpg
24,Legendaren-Timpa-Simonsson-med-50-mal-pa-en-sasong,Legendaren Timpa Simonsson med 50 mål på en säsong,"",t,2017-01-17 02:50:17.107111+00,photos/Legendaren-Timpa-Simonsson-med-50-mal-pa-en-sasong/17-Jan/foto.jpg
25,046,Polisexamen,"",t,2017-01-17 02:50:17.115403+00,photos/046/17-Jan/foto.jpg
26,eric-clapton,Eric Clapton,Eric Clapton,t,2017-01-17 02:50:17.121819+00,photos/eric-clapton/17-Jan/Eric_Clapton.JPG
27,J-sodra-Jonkoping-schackspel,J-södra Jönköping schackspel,"",t,2017-01-17 02:50:17.130182+00,photos/J-sodra-Jonkoping-schackspel/17-Jan/foto.jpg
28,4,"","",t,2017-01-17 02:50:17.136917+00,photos/4/17-Jan/foto.jpg
29,Barack-Obama,Barack Obama,"",t,2017-01-17 02:50:17.144083+00,photos/Barack-Obama/17-Jan/foto.jpg
30,Roland,Roland,"",t,2017-01-17 02:50:17.151972+00,photos/Roland/17-Jan/foto.jpg
31,Frank-Zappa,Frank Zappa,"",t,2017-01-17 02:50:17.160084+00,photos/Frank-Zappa/17-Jan/foto.jpg
32,Bonde,Bonde,"",f,2017-01-17 02:50:17.166138+00,photos/Bonde/17-Jan/bonde.jpg
33,BMW,BMW,"",t,2017-01-17 02:50:17.177117+00,photos/BMW/17-Jan/foto.jpg
34,Polkagrisens-moder-Amalia-Eriksson,Polkagrisens moder Amalia Eriksson,"",t,2017-01-17 02:50:17.196926+00,photos/Polkagrisens-moder-Amalia-Eriksson/17-Jan/foto.jpg
35,Gitarrist,Franz Alfredsson,"",t,2017-01-17 02:50:17.205793+00,photos/Gitarrist/17-Jan/foto.jpg
36,Tant,Ellen Katarina Johansson,"",t,2017-01-17 02:50:17.22277+00,photos/Tant/17-Jan/foto.jpg
37,Gubbe,Gubbe,"",t,2017-01-17 02:50:17.23726+00,photos/Gubbe/17-Jan/foto.jpg
38,Kirurg Persson,Kirurg Persson,"",t,2017-01-17 02:50:17.25287+00,photos/Kirurg Persson/17-Jan/foto.jpg
39,039,Hembygdsfreak,"",t,2017-01-17 02:50:17.263673+00,photos/039/17-Jan/foto.jpg
40,Hasse Taxi,Hasse Taxi,"",t,2017-01-17 02:50:17.272547+00,photos/Hasse Taxi/17-Jan/Hasse_Taxi.jpg
41,Tant-3,Calla Sundbäck,"",t,2017-01-17 02:50:17.300624+00,photos/Tant-3/17-Jan/foto.jpg
42,Linda-och-Stefan,Linda och Stefan,"",t,2017-01-17 02:50:17.310242+00,photos/Linda-och-Stefan/17-Jan/foto.jpg
43,Krister-Ulvenhoff,Krister Ulvenhoff ,"",t,2017-01-17 02:50:17.320901+00,photos/Krister-Ulvenhoff/17-Jan/foto.jpg
44,Sean-Connery,Sean Connery,"",t,2017-01-17 02:50:17.3283+00,photos/Sean-Connery/17-Jan/foto.jpg
45,gizzmo,Gizzmo,Gizzmo,f,2017-01-17 02:50:17.335097+00,photos/gizzmo/17-Jan/Gizzmo.JPG
46,Albert-Einstein,Albert Einstein,"",t,2017-01-17 02:50:17.345562+00,photos/Albert-Einstein/17-Jan/foto.jpg
47,Ola-Alfredsson,Ola Alfredsson,"",t,2017-01-17 02:50:17.35317+00,photos/Ola-Alfredsson/17-Jan/foto.jpg
48,Brudpar,Brudpar,"",t,2017-01-17 02:50:17.361766+00,photos/Brudpar/17-Jan/foto.jpg
49,Nisse-Landgren,Nisse Landgren,"",t,2017-01-17 02:50:17.371364+00,photos/Nisse-Landgren/17-Jan/foto.jpg
50,Tage-Danielsson,Tage Danielsson,"",t,2017-01-17 02:50:17.379947+00,photos/Tage-Danielsson/17-Jan/foto.jpg
51,Tommy-Korberg,Tommy Körberg,"",t,2017-01-17 02:50:17.388914+00,photos/Tommy-Korberg/17-Jan/foto.jpg
52,Signe,Signe,"",t,2017-01-17 02:50:17.400541+00,photos/Signe/17-Jan/foto.jpg
53,Lindeman,Lindeman,"",t,2017-01-17 02:50:17.412067+00,photos/Lindeman/17-Jan/foto.jpg
54,Eva,Eva,"",t,2017-01-17 02:50:17.425719+00,photos/Eva/17-Jan/foto.jpg
55,Brand,Brandmän,"",f,2017-01-17 02:50:17.436531+00,photos/Brand/17-Jan/12781982_10208326-813.jpg
56,Jerry,Jerry,"",t,2017-01-17 02:50:17.448118+00,photos/Jerry/17-Jan/foto.jpg
57,Astrid-Lindgren,Astrid Lindgren,"",t,2017-01-17 02:50:17.457352+00,photos/Astrid-Lindgren/17-Jan/foto.jpg
58,Elvis,Elvis,"",t,2017-01-17 02:50:17.468107+00,photos/Elvis/17-Jan/foto.jpg
59,Selma-Lagerlof,Selma Lagerlöf ,"",t,2017-01-17 02:50:17.478352+00,photos/Selma-Lagerlof/17-Jan/foto.jpg
60,Stefan-Einhorn,Stefan Einhorn,"",t,2017-01-17 02:50:17.48869+00,photos/Stefan-Einhorn/17-Jan/foto.jpg
61,Midsommarbrud,Midsommarbrud,"",t,2017-01-17 02:50:17.498676+00,photos/Midsommarbrud/17-Jan/foto.jpg
62,027,Torso,"",t,2017-01-17 02:50:17.51137+00,photos/027/17-Jan/foto.jpg
63,LRF-2,LRF,"",f,2017-01-17 02:50:17.5216+00,photos/LRF-2/17-Jan/1966178_762473970-333.jpg
64,028,Nyckelskåp,"",t,2017-01-17 02:50:17.533481+00,photos/028/17-Jan/foto.jpg
65,Thor-Modeen,Thor Modeen,"",t,2017-01-17 02:50:17.540955+00,photos/Thor-Modeen/17-Jan/foto.jpg
66,Pilotexamen,Pilotexamen,"",f,2017-01-17 02:50:17.549889+00,photos/Pilotexamen/17-Jan/Pilotexamen.jpg
67,Gunnar-Strang,Gunnar Sträng,"",t,2017-01-17 02:50:17.558566+00,photos/Gunnar-Strang/17-Jan/foto.jpg
68,Tucker,Tucker,"",f,2017-01-17 02:50:17.566194+00,photos/Tucker/17-Jan/10869314_10205443-588.jpg
69,Nelson-Mandela,Nelson Mandela,"",t,2017-01-17 02:50:17.580189+00,photos/Nelson-Mandela/17-Jan/foto.jpg
70,leif-gw-persson-2,Leif GW Persson,"",f,2017-01-17 02:50:17.589123+00,photos/leif-gw-persson-2/17-Jan/12784735_10208326-529.jpg
71,037,Fotbollstränare,"",t,2017-01-17 02:50:17.599703+00,photos/037/17-Jan/foto.jpg
72,Carl-Gustav,Carl Gustav,"",t,2017-01-17 02:50:17.60925+00,photos/Carl-Gustav/17-Jan/foto.jpg
73,Emil,Emil,"",t,2017-01-17 02:50:17.62077+00,photos/Emil/17-Jan/foto.jpg
74,Figurer,Figurer,"",f,2017-01-17 02:50:17.632017+00,photos/Figurer/17-Jan/12784353_10208326-573.jpg
75,Lasse-Aberg,Lasse Åberg,"",t,2017-01-17 02:50:17.64426+00,photos/Lasse-Aberg/17-Jan/foto.jpg
76,J-sodra-schackspel,J-södra schackspel,"",t,2017-01-17 02:50:17.653206+00,photos/J-sodra-schackspel/17-Jan/foto.jpg
77,Tant-2,Märta Persson,"",t,2017-01-17 02:50:17.664565+00,photos/Tant-2/17-Jan/foto.jpg
78,Par,Lars och Jennifer,"",t,2017-01-17 02:50:17.677694+00,photos/Par/17-Jan/foto.jpg
79,Brett-Andersson,Brett Anderson,"",t,2017-01-17 02:50:17.68915+00,photos/Brett-Andersson/17-Jan/foto.jpg
80,leif-gw-persson,Leif GW Persson,"",f,2017-01-17 02:50:17.703501+00,photos/leif-gw-persson/17-Jan/Leif_GW_Persson.jpg
81,Hitler,Hitler,"",f,2017-01-17 02:50:17.720628+00,photos/Hitler/17-Jan/10733442_89656441-938.jpg
82,aoufo8fmyaoacew,Häst,"",t,2017-01-17 02:50:17.740689+00,photos/aoufo8fmyaoacew/17-Jan/foto.jpg
83,Timpa-Simonsson,Timpa Simonsson,"",t,2017-01-17 02:50:17.750457+00,photos/Timpa-Simonsson/17-Jan/foto.jpg
84,Tomtar,Tomtar,"",t,2017-01-17 02:50:17.761418+00,photos/Tomtar/17-Jan/foto.jpg
85,Volvo-PV-Jukebox,"Volvo PV, Jukebox","",t,2017-01-17 02:50:17.769507+00,photos/Volvo-PV-Jukebox/17-Jan/foto.jpg
86,Tores-Maleri-AB,Tores Måleri ,"",t,2017-01-17 02:50:17.779537+00,photos/Tores-Maleri-AB/17-Jan/foto.jpg
87,Eric-Clapton,Eric Clapton,"",t,2017-01-17 02:50:17.790724+00,photos/Eric-Clapton/17-Jan/foto.jpg
88,Marilyn Monroe,Marilyn Monroe,"",f,2017-01-17 02:50:17.800976+00,photos/Marilyn Monroe/17-Jan/1796002_885244588-788.jpg
89,Conny,Fotbollsspelare,"",t,2017-01-17 02:50:17.815257+00,photos/Conny/17-Jan/foto.jpg
90,Zlatan,Zlatan,"",t,2017-01-17 02:50:17.825079+00,photos/Zlatan/17-Jan/foto.jpg
91,The-Beatles,The Beatles,"",t,2017-01-17 02:50:17.834065+00,photos/The-Beatles/17-Jan/foto.jpg
92,John Lennon,John Lennon,"",f,2017-01-17 02:50:17.841454+00,photos/John Lennon/17-Jan/12596053_10208326-456.jpg
93,Andrea-Bocelli,Andrea Bocelli,"",t,2017-01-17 02:50:17.851072+00,photos/Andrea-Bocelli/17-Jan/foto.jpg
94,014,Blinde Janne,"",t,2017-01-17 02:50:17.861178+00,photos/014/17-Jan/foto.jpg
95,August-Strindberg-och-Vilhelm-Moberg,August Strindberg och Vilhelm Moberg,"",t,2017-01-17 02:50:17.872654+00,photos/August-Strindberg-och-Vilhelm-Moberg/17-Jan/foto.jpg
96,LRF-3,LRF,"",f,2017-01-17 02:50:17.881786+00,photos/LRF-3/17-Jan/LRF.jpg
97,J-sodra-spelar-borta-i-gult.,J-södra spelar borta i gult. ,"",t,2017-01-17 02:50:17.891871+00,photos/J-sodra-spelar-borta-i-gult./17-Jan/foto.jpg
98,001,Katherine Tingley,"",t,2017-01-17 02:50:17.898662+00,photos/001/17-Jan/foto.jpg
99,Kung-Carl-Gustav-i-livartagen,Kung Carl-Gustav i livartagen,"",t,2017-01-17 02:50:17.912003+00,photos/Kung-Carl-Gustav-i-livartagen/17-Jan/foto.jpg
100,Bob-Dylan,Bob Dylan,"",t,2017-01-17 02:50:17.92005+00,photos/Bob-Dylan/17-Jan/foto.jpg
101,Gunnar,Gunnar,"",t,2017-01-17 02:50:17.925474+00,photos/Gunnar/17-Jan/foto.jpg
102,Malare,Målare,"",t,2017-01-17 02:50:17.93198+00,photos/Malare/17-Jan/foto.JPG
103,Elvis-Presley,Elvis Presley,"",t,2017-01-17 02:50:17.938933+00,photos/Elvis-Presley/17-Jan/foto.jpg
104,Harry,Harry,"",t,2017-01-17 02:50:17.944547+00,photos/Harry/17-Jan/foto.jpg
105,029,Lotta Johannisson Masa-Lotta,"",t,2017-01-17 02:50:17.951908+00,photos/029/17-Jan/foto.jpg
106,004,Nanny Linnea Fredriksson,"",t,2017-01-17 02:50:17.958633+00,photos/004/17-Jan/foto.jpg
107,Madonna,Madonna,"",t,2017-01-17 02:50:17.967743+00,photos/Madonna/17-Jan/foto.jpg
108,buisnissman,Businessman,"",t,2017-01-17 02:50:17.976806+00,photos/buisnissman/17-Jan/foto.jpg
109,Samuel-Andre,Samuel Andre,"",t,2017-01-17 02:50:17.984846+00,photos/Samuel-Andre/17-Jan/foto.jpg
110,Zlatan-Ibrahimovic,Zlatan Ibrahimovic,"",t,2017-01-17 02:50:17.997412+00,photos/Zlatan-Ibrahimovic/17-Jan/foto.jpg
111,Fuck SD,Fuck SD,"",f,2017-01-17 02:50:18.016348+00,photos/Fuck SD/17-Jan/10339480_79924068-140.jpg
112,TageDanielsson,Tage Danielsson,"",t,2017-01-17 02:50:18.035919+00,photos/TageDanielsson/17-Jan/foto.jpg
113,Pelle,Pelle,"",t,2017-01-17 02:50:18.045011+00,photos/Pelle/17-Jan/foto.jpg
114,009,Ruth Gyllensvaan,"",t,2017-01-17 02:50:18.053481+00,photos/009/17-Jan/foto.jpg
115,Helen-Mirren-o-John-Nettles,Helen Mirren & John Nettles,"",t,2017-01-17 02:50:18.063926+00,photos/Helen-Mirren-o-John-Nettles/17-Jan/foto.jpg
116,Sven-Bertil-Taube,Sven-Bertil Taube,"",t,2017-01-17 02:50:18.075078+00,photos/Sven-Bertil-Taube/17-Jan/foto.jpg
117,Triathlon,Triathlon,"",t,2017-01-17 02:50:18.084174+00,photos/Triathlon/17-Jan/foto.jpg
118,040,Ardennerhäst,"",t,2017-01-17 02:50:18.091977+00,photos/040/17-Jan/foto.jpg
119,Bjorn-Ulvaeus-o-Benny-Andersson,Björn Ulvaeus & Benny Andersson,"",t,2017-01-17 02:50:18.099902+00,photos/Bjorn-Ulvaeus-o-Benny-Andersson/17-Jan/foto.jpg
120,052,Polis fyller 60 år,"",t,2017-01-17 02:50:18.109302+00,photos/052/17-Jan/foto.jpg
121,james-may,James May,James May,f,2017-01-17 02:50:18.120282+00,photos/james-may/17-Jan/James_May.JPG
122,033,Fågelpinnar,"",t,2017-01-17 02:50:18.133976+00,photos/033/17-Jan/foto.jpg
123,LRF,LRF,"",f,2017-01-17 02:50:18.143617+00,photos/LRF/17-Jan/1780180_762474320-473.jpg
124,Ingmar-Bergman,Ingmar Bergman,"",t,2017-01-17 02:50:18.163532+00,photos/Ingmar-Bergman/17-Jan/foto.jpg
125,J-Sodras-fotbollsspelare,J-Södras fotbollsspelare,"",t,2017-01-17 02:50:18.173393+00,photos/J-Sodras-fotbollsspelare/17-Jan/foto.jpg
126,Tore,Tore,"",t,2017-01-17 02:50:18.183074+00,photos/Tore/17-Jan/foto.jpg
127,Fiskstim,Fiskstim,"",t,2017-01-17 02:50:18.193629+00,photos/Fiskstim/17-Jan/foto.jpg
128,Sven-Erik,Sven-Erik,"",t,2017-01-17 02:50:18.204192+00,photos/Sven-Erik/17-Jan/foto.jpg
129,Johnny-och-Mattias,Johnny och Mattias,"",t,2017-01-17 02:50:18.212246+00,photos/Johnny-och-Mattias/17-Jan/foto.jpg
130,Upptech,Upptech,"",t,2017-01-17 02:50:18.221128+00,photos/Upptech/17-Jan/foto.jpeg
131,Ansikte,Ansikte,"",t,2017-01-17 02:50:18.237169+00,photos/Ansikte/17-Jan/foto.jpg
132,svensk,Svensk,"",t,2017-01-17 02:50:18.251355+00,photos/svensk/17-Jan/foto.jpg
133,60-aring,60-åring,"",t,2017-01-17 02:50:18.260774+00,photos/60-aring/17-Jan/foto.jpg
134,Luciano-Pavarotti,Luciano Pavarotti,"",t,2017-01-17 02:50:18.269915+00,photos/Luciano-Pavarotti/17-Jan/foto.jpg
135,Ford-Edsel-58,Ford Edsel 58,"",t,2017-01-17 02:50:18.279586+00,photos/Ford-Edsel-58/17-Jan/foto.jpg
136,005,Ester Emilia Falk,"",t,2017-01-17 02:50:18.287314+00,photos/005/17-Jan/foto.jpg
137,Johan-Wayne,John Wayne,"",t,2017-01-17 02:50:18.295574+00,photos/Johan-Wayne/17-Jan/foto.jpg
138,Brudparet,Brudpar,"",t,2017-01-17 02:50:18.317356+00,photos/Brudparet/17-Jan/foto.jpg
139,Gumma,Gumma,"",t,2017-01-17 02:50:18.328964+00,photos/Gumma/17-Jan/foto.jpg
140,049,Norrlänning,"",t,2017-01-17 02:50:18.34427+00,photos/049/17-Jan/foto.jpg
141,Polis Fransson,Polis Fransson,"",t,2017-01-17 02:50:18.35405+00,photos/Polis Fransson/17-Jan/foto.jpg
142,Jagare,Jonny Svärd,"",t,2017-01-17 02:50:18.364998+00,photos/Jagare/17-Jan/foto.jpg
143,007,Emma Katarina Anderdotter,"",t,2017-01-17 02:50:18.376996+00,photos/007/17-Jan/foto.jpg
144,Marilyn-Monroe,Marilyn Monroe,"",t,2017-01-17 02:50:18.387155+00,photos/Marilyn-Monroe/17-Jan/foto.jpg
